a b c ,) a primer for teaching the alphabet and first elements of reading.
a b c ,) The first three letters of the alphabet; used for the whole alphabet.
a b c ,) The simplest rudiments of any subject; as; the a b c of finance.
aband ,v. t.) To abandon.
aband ,v. t.) To banish; to expel.
abandon ,n.) a complete giving up to natural impulses; freedom from artificial constraint; careless freedom or ease.
abandon ,v. t.) Reflexively: To give ,one's self) up without attempt at self-control; to yield ,one's self) unrestrainedly; -- often in a bad sense.
abandon ,v. t.) To cast or drive out; to banish; to expel; to reject.
abandon ,v. t.) To give up absolutely; to forsake entirely ; to renounce utterly; to relinquish all connection with or concern on; to desert; as a person to whom one owes allegiance or fidelity; to quit; to surrender.
abandon ,v. t.) To relinquish all claim to; -- used when an insured person gives up to underwriters all claim to the property covered by a policy; which may remain after loss or damage by a peril insured against.
abandon ,v.) abandonment; relinquishment.
abandoned ,a.) Forsaken; deserted.
abandoned ,a.) Self-abandoned; or given up to vice; extremely wicked; or sinning without restraint; irreclaimably wicked ; as; an abandoned villain.
abandoned ,imp. & p. p.) of abandon
abandonedly ,adv.) Unrestrainedly.
abandonee ,n.) One to whom anything is legally abandoned.
abandoner ,n.) One who abandons.
abandoning ,p. pr. & vb. n.) of abandon
abandonment ,n.) careless freedom or ease; abandon.
abandonment ,n.) The act of abandoning; or the state of being abandoned; total desertion; relinquishment.
abandonment ,n.) The relinquishment by the insured to the underwriters of what may remain of the property insured after a loss or damage by a peril insured against.
abandonment ,n.) The relinquishment of a right; claim; or privilege; as to mill site; etc.
abandonment ,n.) The voluntary leaving of a person to whom one is bound by a special relation; as a wife; husband; or child; desertion.
abandum ,n.) anything forfeited or confiscated.
abanet ,n.) See abnet.
abanga ,n.) a West Indian palm; also the fruit of this palm; the seeds of which are used as a remedy for diseases of the chest.
abannation ,n.) alt. of abannition
abannition ,n.) banishment.
abarticulation ,n.) articulation; usually that kind of articulation which admits of free motion in the joint; diarthrosis.
abase ,a.) To cast down or reduce low or lower; as in rank; office; condition in life; or estimation of worthiness; to depress; to humble; to degrade.
abase ,a.) To lower or depress; to throw or cast down; as; to abase the eye.
abased ,a.) borne lower than usual; as a fess; also; having the ends of the wings turned downward towards the point of the shield.
abased ,a.) Lowered; humbled.
abased ,imp. & p. p.) of abase
abasedly ,adv.) abjectly; downcastly.
abasement ,n.) The act of abasing; humbling; or bringing low; the state of being abased or humbled; humiliation.
abaser ,n.) He who; or that which; abases.
abash ,v. t.) To destroy the self-possession of; to confuse or confound; as by exciting suddenly a consciousness of guilt; mistake; or inferiority; to put to shame; to disconcert; to discomfit.
abashed ,imp. & p. p.) of abash
abashedly ,adv.) In an abashed manner.
abashing ,p. pr. & vb. n.) of abash
abashment ,n.) The state of being abashed; confusion from shame.
abasing ,p. pr. & vb. n.) of abase
abassi ,n.) alt. of abassis
abassis ,n.) a silver coin of Persia; worth about twenty cents.
abatable ,a.) capable of being abated; as; an abatable writ or nuisance.
abate ,n.) abatement.
abate ,v. t.) To be defeated; or come to naught; to fall through; to fail; as; a writ abates.
abate ,v. t.) To beat down; to overthrow.
abate ,v. t.) To blunt.
abate ,v. t.) To bring down or reduce from a higher to a lower state; number; or degree; to lessen; to diminish; to contract; to moderate; to cut short; as; to abate a demand; to abate pride; zeal; hope.
abate ,v. t.) To bring entirely down or put an end to; to do away with; as; to abate a nuisance; to abate a writ.
abate ,v. t.) To decrease; or become less in strength or violence; as; pain abates; a storm abates.
abate ,v. t.) To deduct; to omit; as; to abate something from a price.
abate ,v. t.) To diminish; to reduce. Legacies are liable to be abated entirely or in proportion; upon a deficiency of assets.
abate ,v. t.) To reduce in estimation; to deprive.
abated ,imp. & p. p.) of abate
abatement ,n.) a mark of dishonor on an escutcheon.
abatement ,n.) The act of abating; or the state of being abated; a lessening; diminution; or reduction; removal or putting an end to; as; the abatement of a nuisance is the suppression thereof.
abatement ,n.) The amount abated; that which is taken away by way of reduction; deduction; decrease; a rebate or discount allowed.
abatement ,n.) The entry of a stranger; without right; into a freehold after the death of the last possessor; before the heir or devisee.
abater ,n.) One who; or that which; abates.
abating ,p. pr. & vb. n.) of abate
abatis ,n.) alt. of abattis
abatised ,a.) Provided with an abatis.
abator ,n.) a person who; without right; enters into a freehold on the death of the last possessor; before the heir or devisee.
abator ,n.) One who abates a nuisance.
abattis ,n.) a means of defense formed by felled trees; the ends of whose branches are sharpened and directed outwards; or against the enemy.
abattoir ,n.) a public slaughterhouse for cattle; sheep; etc.
abattoirs ,pl. ) of abattoir
abature ,n.) Grass and sprigs beaten or trampled down by a stag passing through them.
abatvoix ,n.) The sounding-board over a pulpit or rostrum.
abawed ,p. p.) astonished; abashed.
abaxial ,a.) alt. of abaxile
abaxile ,a.) away from the axis or central line; eccentric.
abay ,n.) barking; baying of dogs upon their prey. See bay.
abb ,n.) among weavers; yarn for the warp. Hence; abb wool is wool for the abb.
abb wool ,) See abb.
abba ,n.) Father; religious superior; -- in the Syriac; coptic; and ethiopic churches; a title given to the bishops; and by the bishops to the patriarch.
abbacies ,pl. ) of abbacy
abbacy ,n.) The dignity; estate; or jurisdiction of an abbot.
abbatial ,a.) belonging to an abbey; as; abbatial rights.
abbatical ,a.) abbatial.
abbe ,n.) The French word answering to the english abbot; the head of an abbey; but commonly a title of respect given in France to every one vested with the ecclesiastical habit or dress.
abbess ,n.) a female superior or governess of a nunnery; or convent of nuns; having the same authority over the nuns which the abbots have over the monks. See abbey.
abbey ,n.) a monastery or society of persons of either sex; secluded from the world and devoted to religion and celibacy; also; the monastic building or buildings.
abbey ,n.) The church of a monastery.
abbeys ,pl. ) of abbey
abbot ,n.) One of a class of bishops whose sees were formerly abbeys.
abbot ,n.) The superior or head of an abbey.
abbotship ,n.) The state or office of an abbot.
abbreviate ,a.) abbreviated; abridged; shortened.
abbreviate ,a.) Having one part relatively shorter than another or than the ordinary type.
abbreviate ,n.) an abridgment.
abbreviate ,v. t.) To make briefer; to shorten; to abridge; to reduce by contraction or omission; especially of words written or spoken.
abbreviate ,v. t.) To reduce to lower terms; as a fraction.
abbreviated ,a.) Shortened; relatively short; abbreviate.
abbreviated ,imp. & p. p.) of abbreviate
abbreviating ,p. pr. & vb. n.) of abbreviate
abbreviation ,n.) One dash; or more; through the stem of a note; dividing it respectively into quavers; semiquavers; or demi-semiquavers.
abbreviation ,n.) The act of shortening; or reducing.
abbreviation ,n.) The form to which a word or phrase is reduced by contraction and omission; a letter or letters; standing for a word or phrase of which they are a part; as; Gen. for Genesis; U.S.a. for United States of america.
abbreviation ,n.) The result of abbreviating; an abridgment.
abbreviator ,n.) One of a college of seventy-two officers of the papal court whose duty is to make a short minute of a decision on a petition; or reply of the pope to a letter; and afterwards expand the minute into official form.
abbreviator ,n.) One who abbreviates or shortens.
abbreviatory ,a.) Serving or tending to abbreviate; shortening; abridging.
abbreviature ,n.) an abbreviation; an abbreviated state or form.
abbreviature ,n.) an abridgment; a compendium or abstract.
abdal ,n.) a religious devotee or dervish in Persia.
abderian ,a.) Given to laughter; inclined to foolish or incessant merriment.
abderite ,n.) an inhabitant of abdera; in Thrace.
abdest ,n.) Purification by washing the hands before prayer; -- a Mohammedan rite.
abdicable ,a.) capable of being abdicated.
abdicant ,a.) abdicating; renouncing; -- followed by of.
abdicant ,n.) One who abdicates.
abdicate ,v. i.) To relinquish or renounce a throne; or other high office or dignity.
abdicate ,v. t.) To disclaim and expel from the family; as a father his child; to disown; to disinherit.
abdicate ,v. t.) To reject; to cast off.
abdicate ,v. t.) To renounce; to relinquish; -- said of authority; a trust; duty; right; etc.
abdicate ,v. t.) To surrender or relinquish; as sovereign power; to withdraw definitely from filling or exercising; as a high office; station; dignity; as; to abdicate the throne; the crown; the papacy.
abdicated ,imp. & p. p.) of abdicate
abdicating ,p. pr. & vb. n.) of abdicate
abdication ,n.) The act of abdicating; the renunciation of a high office; dignity; or trust; by its holder; commonly the voluntary renunciation of sovereign power; as; abdication of the throne; government; power; authority.
abdicative ,a.) causing; or implying; abdication.
abdicator ,n.) One who abdicates.
abditive ,a.) Having the quality of hiding.
abditory ,n.) a place for hiding or preserving articles of value.
abdomen ,n.) The belly; or that part of the body between the thorax and the pelvis. also; the cavity of the belly; which is lined by the peritoneum; and contains the stomach; bowels; and other viscera. In man; often restricted to the part between the diaphragm and the commencement of the pelvis; the remainder being called the pelvic cavity.
abdomen ,n.) The posterior section of the body; behind the thorax; in insects; crustaceans; and other arthropoda.
abdominal ,a.) Having abdominal fins; belonging to the abdominales; as; abdominal fishes.
abdominal ,a.) Of or pertaining to the abdomen; ventral; as; the abdominal regions; muscles; cavity.
abdominal ,n.) a fish of the group abdominales.
abdominales ,n. pl.) a group including the greater part of fresh-water fishes; and many marine ones; having the ventral fins under the abdomen behind the pectorals.
abdominales ,pl. ) of abdominal
abdominalia ,n. pl.) a group of cirripeds having abdominal appendages.
abdominals ,pl. ) of abdominal
abdominoscopy ,n.) examination of the abdomen to detect abdominal disease.
abdominothoracic ,a.) Relating to the abdomen and the thorax; or chest.
abdominous ,a.) Having a protuberant belly; pot-bellied.
abduce ,v. t.) To draw or conduct away; to withdraw; to draw to a different part.
abduced ,imp. & p. p.) of abduce
abducing ,p. pr. & vb. n.) of abduce
abduct ,v. t.) To draw away; as a limb or other part; from its ordinary position.
abduct ,v. t.) To take away surreptitiously by force; to carry away ,a human being) wrongfully and usually by violence; to kidnap.
abducted ,imp. & p. p.) of abduct
abducting ,p. pr. & vb. n.) of abduct
abduction ,n.) a syllogism or form of argument in which the major is evident; but the minor is only probable.
abduction ,n.) The act of abducing or abducting; a drawing apart; a carrying away.
abduction ,n.) The movement which separates a limb or other part from the axis; or middle line; of the body.
abduction ,n.) The wrongful; and usually the forcible; carrying off of a human being; as; the abduction of a child; the abduction of an heiress.
abductor ,n.) a muscle which serves to draw a part out; or form the median line of the body; as; the abductor oculi; which draws the eye outward.
abductor ,n.) One who abducts.
abeam ,adv.) On the beam; that is; on a line which forms a right angle with the ship's keel; opposite to the center of the ship's side.
abear ,v. t.) To bear; to behave.
abear ,v. t.) To put up with; to endure.
abearance ,n.) behavior.
abearing ,n.) behavior.
abecedarian ,a.) alt. of abecedary
abecedarian ,n.) One engaged in teaching the alphabet.
abecedarian ,n.) One who is learning the alphabet; hence; a tyro.
abecedary ,a.) Pertaining to; or formed by; the letters of the alphabet; alphabetic; hence; rudimentary.
abecedary ,n.) a primer; the first principle or rudiment of anything.
abed ,adv.) In bed; or on the bed.
abed ,adv.) To childbed ,in the phrase "brought abed;" that is; delivered of a child).
abegge ,) Same as aby.
abele ,n.) The white poplar ,Populus alba).
abelian ,n.) alt. of abelonian
abelite ,n.) alt. of abelonian
abelmosk ,n.) an evergreen shrub ,Hibiscus -- formerly abelmoschus -- moschatus); of the east and West Indies and Northern africa; whose musky seeds are used in perfumery and to flavor coffee; -- sometimes called musk mallow.
abelonian ,n.) One of a sect in africa ,4th century); mentioned by St. augustine; who states that they married; but lived in continence; after the manner; as they pretended; of abel.
aber-de-vine ,n.) The european siskin ,carduelis spinus); a small green and yellow finch; related to the goldfinch.
aberr ,v. i.) To wander; to stray.
aberrance ,n.) alt. of aberrancy
aberrancy ,n.) State of being aberrant; a wandering from the right way; deviation from truth; rectitude; etc.
aberrant ,a.) deviating from the ordinary or natural type; exceptional; abnormal.
aberrant ,a.) Wandering; straying from the right way.
aberrate ,v. i.) To go astray; to diverge.
aberration ,n.) a partial alienation of reason.
aberration ,n.) a small periodical change of position in the stars and other heavenly bodies; due to the combined effect of the motion of light and the motion of the observer; called annual aberration; when the observer's motion is that of the earth in its orbit; and daily or diurnal aberration; when of the earth on its axis; amounting when greatest; in the former case; to 20.4''; and in the latter; to 0.3''. Planetary aberration is that due to the motion of light and the motion of the planet relative to the earth.
aberration ,n.) The act of wandering; deviation; especially from truth or moral rectitude; from the natural state; or from a type.
aberration ,n.) The convergence to different foci; by a lens or mirror; of rays of light emanating from one and the same point; or the deviation of such rays from a single focus; called spherical aberration; when due to the spherical form of the lens or mirror; such form giving different foci for central and marginal rays; and chromatic aberration; when due to different refrangibilities of the colored rays of the spectrum; those of each color having a distinct focus.
aberration ,n.) The passage of blood or other fluid into parts not appropriate for it.
aberration ,n.) The producing of an unintended effect by the glancing of an instrument; as when a shot intended for a glances and strikes b.
aberrational ,a.) characterized by aberration.
aberuncate ,v. t.) To weed out.
aberuncator ,n.) a weeding machine.
abet ,n.) act of abetting; aid.
abet ,v. t.) To contribute; as an assistant or instigator; to the commission of an offense.
abet ,v. t.) To instigate or encourage by aid or countenance; -- used in a bad sense of persons and acts; as; to abet an ill-doer; to abet one in his wicked courses; to abet vice; to abet an insurrection.
abet ,v. t.) To support; uphold; or aid; to maintain; -- in a good sense.
abetment ,n.) The act of abetting; as; an abetment of treason; crime; etc.
abettal ,n.) abetment.
abetted ,imp. & p. p.) of abet
abetter ,n.) alt. of abettor
abetting ,p. pr. & vb. n.) of abet
abettor ,n.) One who abets; an instigator of an offense or an offender.
abevacuation ,n.) a partial evacuation.
abeyance ,n.) expectancy; condition of being undetermined.
abeyance ,n.) Suspension; temporary suppression.
abeyancy ,n.) abeyance.
abeyant ,a.) being in a state of abeyance.
abhal ,n.) The berries of a species of cypress in the east Indies.
abhominable ,a.) abominable.
abhominal ,a.) Inhuman.
abhor ,v. i.) To shrink back with horror; disgust; or dislike; to be contrary or averse; -- with
abhor ,v. t.) To fill with horror or disgust.
abhor ,v. t.) To protest against; to reject solemnly.
abhor ,v. t.) To shrink back with shuddering from; to regard with horror or detestation; to feel excessive repugnance toward; to detest to extremity; to loathe.
abhorred ,imp. & p. p.) of abhor
abhorrence ,n.) extreme hatred or detestation; the feeling of utter dislike.
abhorrency ,n.) abhorrence.
abhorrent ,a.) abhorring; detesting; having or showing abhorrence; loathing; hence; strongly opposed to; as; abhorrent thoughts.
abhorrent ,a.) contrary or repugnant; discordant; inconsistent; -- followed by to.
abhorrent ,a.) detestable.
abhorrently ,adv.) With abhorrence.
abhorrer ,n.) One who abhors.
abhorrible ,a.) detestable.
abhorring ,n.) detestation.
abhorring ,n.) Object of abhorrence.
abhorring ,p. pr. & vb. n.) of abhor
abib ,n.) The first month of the Jewish ecclesiastical year; corresponding nearly to our april. after the babylonish captivity this month was called Nisan.
abid ,) of abide
abidance ,n.) The state of abiding; abode; continuance; compliance ,with).
abide ,v. i.) To remain stable or fixed in some state or condition; to continue; to remain.
abide ,v. i.) To stay; to continue in a place; to have one's abode; to dwell; to sojourn; -- with with before a person; and commonly with at or in before a place.
abide ,v. i.) To wait; to pause; to delay.
abide ,v. t.) To bear patiently; to tolerate; to put up with.
abide ,v. t.) To endure; to sustain; to submit to.
abide ,v. t.) To stand the consequences of; to answer for; to suffer for.
abide ,v. t.) To wait for; to be prepared for; to await; to watch for; as; I abide my time.
abider ,n.) One who abides; or continues.
abider ,n.) One who dwells; a resident.
abiding ,a.) continuing; lasting.
abiding ,p. pr. & vb. n.) of abide
abidingly ,adv.) Permanently.
abies ,n.) a genus of coniferous trees; properly called Fir; as the balsam fir and the silver fir. The spruces are sometimes also referred to this genus.
abietene ,n.) a volatile oil distilled from the resin or balsam of the nut pine ,Pinus sabiniana) of california.
abietic ,a.) Of or pertaining to the fir tree or its products; as; abietic acid; called also sylvic acid.
abietin ,n.) alt. of abietine
abietine ,n.) a resinous obtained from Strasburg turpentine or canada balsam. It is without taste or smell; is insoluble in water; but soluble in alcohol ,especially at the boiling point); in strong acetic acid; and in ether.
abietinic ,a.) Of or pertaining to abietin; as; abietinic acid.
abietite ,n.) a substance resembling mannite; found in the needles of the common silver fir of europe ,abies pectinata).
abigail ,n.) a lady's waiting-maid.
abode ,imp. & p. p.) of abide
babble ,n.) Idle talk; senseless prattle; gabble; twaddle.
babble ,n.) Inarticulate speech; constant or confused murmur.
babble ,v. i.) To disclose by too free talk; as a secret.
babble ,v. i.) To make a continuous murmuring noise; as shallow water running over stones.
babble ,v. i.) To talk incoherently; to utter unmeaning words.
babble ,v. i.) To talk much; to chatter; to prate.
babble ,v. i.) To utter in an indistinct or incoherent way; to repeat; as words; in a childish way without understanding.
babble ,v. i.) To utter words indistinctly or unintelligibly; to utter inarticulate sounds; as a child babbles.
babbled ,imp. & p. p.) of babble
babblement ,n.) babble.
babbler ,n.) a hound too noisy on finding a good scent.
babbler ,n.) a name given to any one of family ,Timalinae) of thrushlike birds; having a chattering note.
babbler ,n.) an idle talker; an irrational prater; a teller of secrets.
babblery ,n.) babble.
babbling ,p. pr. & vb. n.) of babble
babe ,n.) a doll for children.
babe ,n.) an infant; a young child of either sex; a baby.
babehood ,n.) babyhood.
babel ,n.) Hence: a place or scene of noise and confusion; a confused mixture of sounds; as of voices or languages.
babel ,n.) The city and tower in the land of Shinar; where the confusion of languages took place.
babery ,n.) Finery of a kind to please a child.
cabalistic ,a.) alt. of cabalistical
cabalistical ,a.) Of or pertaining to the cabala; containing or conveying an occult meaning; mystic.
cabalistically ,adv.) In a cabalistic manner.
cabalize ,v. i.) To use cabalistic language.
caballer ,n.) One who cabals.
caballine ,a.) Of or pertaining to a horse.
caballine ,n.) caballine aloes.
cabaret ,n.) a tavern; a house where liquors are retailed.
cabaret ,n.) a type of restaurant where liquor and dinner is served; and entertainment is provided; as by musicians; dancers; or comedians; and providing space for dancing by the patrons; -- similar to a nightclub. The term cabaret is often used in the names of such an establishment.
cabaret ,n.) the type of entertainment provided in a cabaret{2}.
cabas ,n.) a flat basket or frail for figs; etc.; hence; a lady's flat workbasket; reticule; or hand bag; -- often written caba.
cabassou ,n.) a species of armadillo of the genus Xenurus ,X. unicinctus and X. hispidus); the tatouay.
cabbage ,n.) an esculent vegetable of many varieties; derived from the wild brassica oleracea of europe. The common cabbage has a compact head of leaves. The cauliflower; brussels sprouts; etc.; are sometimes classed as cabbages.
cabbage ,n.) cloth or clippings cabbaged or purloined by one who cuts out garments.
cabbage ,n.) The cabbage palmetto. See below.
cabbage ,n.) The terminal bud of certain palm trees; used; like; cabbage; for food. See cabbage tree; below.
cabbage ,v. i.) To form a head like that the cabbage; as; to make lettuce cabbage.
cabbage ,v. i.) To purloin or embezzle; as the pieces of cloth remaining after cutting out a garment; to pilfer.
cabbaged ,imp. & p. p) of cabbage
cabbaging ,p. pr. & vb. n.) of cabbage
cabbiri ,n. pl.) certain deities originally worshiped with mystical rites by the Pelasgians in Lemnos and Samothrace and afterwards throughout Greece; -- also called sons of Hephaestus ,or Vulcan); as being masters of the art of working metals.
cabbler ,n.) One who works at cabbling.
cabbling ,n.) The process of breaking up the flat masses into which wrought iron is first hammered; in order that the pieces may be reheated and wrought into bar iron.
cabeca ,n.) alt. of cabesse
caber ,n.) a pole or beam used in Scottish games for tossing as a trial of strength.
cabesse ,n.) The finest kind of silk received from India.
cabezon ,n.) a california fish ,Hemilepidotus spinosus); allied to the sculpin.
cabiai ,n.) The capybara. See capybara.
cabin ,n.) a cottage or small house; a hut.
cabin ,n.) a room in ship for officers or passengers.
cabin ,n.) a small room; an inclosed place.
cabin ,v. i.) To live in; or as in; a cabin; to lodge.
cabin ,v. t.) To confine in; or as in; a cabin.
cabined ,imp. & p. p.) of cabin
cabinet ,a.) Suitable for a cabinet; small.
cabinet ,n.) a decorative piece of furniture; whether open like an etagere or closed with doors. See etagere.
cabinet ,n.) a hut; a cottage; a small house.
cabinet ,n.) a private room in which consultations are held.
cabinet ,n.) a set of drawers or a cupboard intended to contain articles of value. Hence:
cabinet ,n.) a small room; or retired apartment; a closet.
cabinet ,n.) any building or room set apart for the safe keeping and exhibition of works of art; etc.; also; the collection itself.
cabinet ,n.) The advisory council of the chief executive officer of a nation; a cabinet council.
cabinet ,v. i.) To inclose
cabineting ,p. pr. & vb. n.) of cabinet
cabinetmaker ,n.) One whose occupation is to make cabinets or other choice articles of household furniture; as tables; bedsteads; bureaus; etc.
cabinetmaking ,n.) The art or occupation of making the finer articles of household furniture.
cabinetwork ,n.) The art or occupation of working upon wooden furniture requiring nice workmanship; also; such furniture.
cabining ,p. pr. & vb. n.) of cabin
cabirean ,n.) One of the cabiri.
cabirian ,a.) Same as cabiric.
cabiric ,a.) Of or pertaining to the cabiri; or to their mystical worship.
cable ,n.) a large; strong rope or chain; of considerable length; used to retain a vessel at anchor; and for other purposes. It is made of hemp; of steel wire; or of iron links.
cable ,n.) a molding; shaft of a column; or any other member of convex; rounded section; made to resemble the spiral twist of a rope; -- called also cable molding.
cable ,n.) a rope of steel wire; or copper wire; usually covered with some protecting or insulating substance; as; the cable of a suspension bridge; a telegraphic cable.
cable ,v. t. & i.) To telegraph by a submarine cable
cable ,v. t.) To fasten with a cable.
cable ,v. t.) To ornament with cabling. See cabling.
cabled ,a.) adorned with cabling.
cabled ,a.) Fastened with; or attached to; a cable or rope.
cabled ,imp. & p. p.) of cable
cablegram ,n.) a message sent by a submarine telegraphic cable.
cablelaid ,a.) composed of three three-stranded ropes; or hawsers; twisted together to form a cable.
cablelaid ,a.) Twisted after the manner of a cable; as; a cable-laid gold chain.
cablet ,n.) a little cable less than ten inches in circumference.
cabling ,n.) The decoration of a fluted shaft of a column or of a pilaster with reeds; or rounded moldings; which seem to be laid in the hollows of the fluting. These are limited in length to about one third of the height of the shaft.
cabling ,p. pr. & vb. n.) of cable
cabman ,n.) The driver of a cab.
cabmen ,pl. ) of cabman
cabob ,n.) a leg of mutton roasted; stuffed with white herrings and sweet herbs.
cabob ,n.) a small piece of mutton or other meat roasted on a skewer; -- so called in Turkey and Persia.
cabob ,v. t.) To roast; as a cabob.
caboched ,a.) Showing the full face; but nothing of the neck; -- said of the head of a beast in armorial bearing.
caboodle ,n.) The whole collection; the entire quantity or number; -- usually in the phrase the whole caboodle.
caboose ,n.) a house on deck; where the cooking is done; -- commonly called the galley.
dabbled ,imp. & p. p.) of dabble
dabble ,v. t.) To wet by little dips or strokes; to spatter; to sprinkle; to moisten; to wet.
dabble ,v. i.) To play in water; as with the hands; to paddle or splash in mud or water.
dabble ,v. i.) To work in slight or superficial manner; to do in a small way; to tamper; to meddle.
dabbler ,n.) One who dabbles.
dabbler ,n.) One who dips slightly into anything; a superficial meddler.
dabblingly ,adv.) In a dabbling manner.
dabchick ,n.) A small water bird ,Podilymbus podiceps); allied to the grebes; remarkable for its quickness in diving; -- called also dapchick; dobchick; dipchick; didapper; dobber; devil-diver; hell-diver; and pied-billed grebe.
daboia ,n.) A large and highly venomous Asiatic viper ,daboia xanthica).
dabster ,n.) One who is skilled; a master of his business; a proficient; an adept.
dacapo ,) From the beginning; a direction to return to; and end with; the first strain; -- indicated by the letters d. C. Also; the strain so repeated.
dace ,n.) A small european cyprinoid fish ,Squalius leuciscus or Leuciscus vulgaris); -- called also dare.
dachshund ,n.) One of a breed of small dogs with short crooked legs; and long body; -- called also badger dog. There are two kinds; the rough-haired and the smooth-haired.
dacian ,a.) Of or pertaining to dacia or the dacians.
dacian ,n.) A native of ancient dacia.
dacoit ,n.) One of a class of robbers; in India; who act in gangs.
dacoity ,n.) The practice of gang robbery in India; robbery committed by dacoits.
dacotahs ,n. pl.) Same as dacotas.
dactyl ,n.) A poetical foot of three sylables ,-- ~ ~); one long followed by two short; or one accented followed by two unaccented; as; L. tegm/n/; e. mer\b6ciful; -- so called from the similarity of its arrangement to that of the joints of a finger.
dactyl ,n.) A finger or toe; a digit.
dactyl ,n.) The claw or terminal joint of a leg of an insect or crustacean.
dactylar ,a.) Pertaining to dactyl; dactylic.
dactylar ,a.) Of or pertaining to a finger or toe; or to the claw of an insect crustacean.
dactylet ,n.) A dactyl.
dactylic ,a.) Pertaining to; consisting chiefly or wholly of; dactyls; as; dactylic verses.
dactylic ,n.) A line consisting chiefly or wholly of dactyls; as; these lines are dactylics.
dactylic ,n.) dactylic meters.
dactylioglyph ,n.) An engraver of gems for rings and other ornaments.
dactylioglyph ,n.) The inscription of the engraver's name on a finger ring or gem.
dactylioglyphi ,n.) The art or process of gem engraving.
dactyliography ,n.) The art of writing or engraving upon gems.
dactyliography ,n.) In general; the literature or history of the art.
dactyliology ,n.) That branch of archaeology which has to do with gem engraving.
dactyliology ,n.) That branch of archaeology which has to do with finger rings.
dactyliomancy ,n.) divination by means of finger rings.
dactylist ,n.) A writer of dactylic verse.
dactylitis ,n.) An inflammatory affection of the fingers.
dactylology ,n.) The art of communicating ideas by certain movements and positions of the fingers; -- a method of conversing practiced by the deaf and dumb.
dactylomancy ,n.) dactyliomancy.
dactylonomy ,n.) The art of numbering or counting by the fingers.
dactylopterous ,a.) Having the inferior rays of the pectoral fins partially or entirely free; as in the gurnards.
dactylotheca ,n.) The scaly covering of the toes; as in birds.
dactylozooid ,n.) A kind of zooid of Siphonophora which has an elongated or even vermiform body; with one tentacle; but no mouth. See Siphonophora.
dad ,n.) Father; -- a word sometimes used by children.
daddled ,imp. & p. p.) of dadle
daddling ,p. pr. & vb. n.) of dadle
dadle ,v. i.) To toddle; to walk unsteadily; like a child or an old man; hence; to do anything slowly or feebly.
daddock ,n.) The rotten body of a tree.
daddy ,n.) diminutive of dad.
daddy longlegs ,) An arachnidan of the genus Phalangium; and allied genera; having a small body and four pairs of long legs; -- called also harvestman; carter; and grandfather longlegs.
daddy longlegs ,) A name applied to many species of dipterous insects of the genus Tipula; and allied genera; with slender bodies; and very long; slender legs; the crane fly; -- called also father longlegs.
dade ,v. t.) To hold up by leading strings or by the hand; as a child while he toddles.
dade ,v. i.) To walk unsteadily; as a child in leading strings; or just learning to walk; to move slowly.
dadoes ,pl. ) of dado
dado ,n.) That part of a pedestal included between the base and the cornice ,or surbase); the die. See Illust. of Column.
dado ,n.) In any wall; that part of the basement included between the base and the base course. See Base course; under Base.
dado ,n.) In interior decoration; the lower part of the wall of an apartment when adorned with moldings; or otherwise specially decorated.
daedal ,a.) Alt. of daedalian
daedalian ,a.) Cunningly or ingeniously formed or working; skillful; artistic; ingenious.
daedalian ,a.) Crafty; deceitful.
daedalous ,a.) Having a variously cut or incised margin; -- said of leaves.
daemon ,a.) Alt. of daemonic
daemonic ,a.) See demon; demonic.
daff ,v. t.) To cast aside; to put off; to doff.
daff ,n.) A stupid; blockish fellow; a numskull.
daff ,v. i.) To act foolishly; to be foolish or sportive; to toy.
daff ,v. t.) To daunt.
daffodil ,n.) A plant of the genus Asphodelus.
eagle-eyed ,a.) Sharp-sighted as an eagle.
eagle-sighted ,a.) Farsighted and strong-sighted; sharp-sighted.
eagless ,n.) A female or hen eagle.
eaglestone ,n.) A concretionary nodule of clay ironstone; of the size of a walnut or larger; so called by the ancients; who believed that the eagle transported these stones to her nest to facilitate the laying of her eggs; aetites.
eaglet ,n.) A young eagle; or a diminutive eagle.
eagle-winged ,a.) Having the wings of an eagle; swift; or soaring high; like an eagle.
eaglewood ,n.) A kind of fragrant wood. See Agallochum.
eagrass ,n.) See eddish.
eagre ,n.) A wave; or two or three successive waves; of great height and violence; at flood tide moving up an estuary or river; -- commonly called the bore. See Bore.
ealderman ,n.) Alt. of ealdorman
ealdorman ,n.) An alderman.
eale ,n.) Ale.
eame ,n.) Uncle.
ean ,v. t. & i.) To bring forth; as young; to yean.
eanling ,n.) A lamb just brought forth; a yeanling.
ear ,n.) The organ of hearing; the external ear.
ear ,n.) The sense of hearing; the perception of sounds; the power of discriminating between different tones; as; a nice ear for music; -- in the singular only.
ear ,n.) That which resembles in shape or position the ear of an animal; any prominence or projection on an object; -- usually one for support or attachment; a lug; a handle; as; the ears of a tub; a skillet; or dish. The ears of a boat are outside kneepieces near the bow. See Illust. of Bell.
ear ,n.) Same as Acroterium.
ear ,n.) Same as Crossette.
ear ,n.) Privilege of being kindly heard; favor; attention.
eared ,imp. & p. p.) of ear
earing ,p. pr. & vb. n.) of ear
ear ,v. t.) To take in with the ears; to hear.
ear ,n.) The spike or head of any cereal ,as; wheat; rye; barley; Indian corn; etc.); containing the kernels.
ear ,v. i.) To put forth ears in growing; to form ears; as grain; as; this corn ears well.
ear ,v. t.) To plow or till; to cultivate.
earable ,a.) Arable; tillable.
earache ,n.) Ache or pain in the ear.
earal ,a.) Receiving by the ear.
ear-bored ,a.) Having the ear perforated.
earcap ,n.) A cap or cover to protect the ear from cold.
earcockle ,n.) A disease in wheat; in which the blackened and contracted grain; or ear; is filled with minute worms.
eardrop ,n.) A pendant for the ear; an earring; as; a pair of eardrops.
eardrop ,n.) A species of primrose. See Auricula.
eardrum ,n.) The tympanum. See Illust. of ear.
eared ,a.) Having ,such or so many) ears; -- used in composition; as; long-eared-eared; sharp-eared; full-eared; ten-eared.
eared ,a.) Having external ears; having tufts of feathers resembling ears.
eariness ,n.) Fear or timidity; especially of something supernatural.
earing ,n.) A line used to fasten the upper corners of a sail to the yard or gaff; -- also called head earing.
earing ,n.) A line for hauling the reef cringle to the yard; -- also called reef earing.
earing ,n.) A line fastening the corners of an awning to the rigging or stanchions.
earing ,n.) Coming into ear; as corn.
earing ,n.) A plowing of land.
earl ,n.) A nobleman of england ranking below a marquis; and above a viscount. The rank of an earl corresponds to that of a count ,comte) in France; and graf in Germany. Hence the wife of an earl is still called countess. See Count.
earl ,n.) The needlefish.
earlap ,n.) The lobe of the ear.
earldom ,n.) The jurisdiction of an earl; the territorial possessions of an earl.
earldom ,n.) The status; title; or dignity of an earl.
earldorman ,n.) Alderman.
earlduck ,n.) The red-breasted merganser ,Merganser serrator).
earles penny ,) earnest money. Same as Arles penny.
earless ,a.) Without ears; hence; deaf or unwilling to hear.
earlet ,n.) An earring.
earliness ,n.) The state of being early or forward; promptness.
earl marshal ,) An officer of state in england who marshals and orders all great ceremonials; takes cognizance of matters relating to honor; arms; and pedigree; and directs the proclamation of peace and war. The court of chivalry was formerly under his jurisdiction; and he is still the head of the herald's office or college of arms.
earlock ,n.) A lock or curl of hair near the ear; a lovelock. See Lovelock.
early ,adv.) Soon; in good season; seasonably; betimes; as; come early.
early ,adv.) In advance of the usual or appointed time; in good season; prior in time; among or near the first; -- opposed to late; as; the early bird; an early spring; early fruit.
early ,adv.) Coming in the first part of a period of time; or among the first of successive acts; events; etc.
earmark ,n.) A mark on the ear of sheep; oxen; dogs; etc.; as by cropping or slitting.
earmark ,n.) A mark for identification; a distinguishing mark.
earmarked ,imp. & p. p.) of earmark
earmarking ,p. pr. & vb. n.) of earmark
earmark ,v. t.) To mark; as sheep; by cropping or slitting the ear.
earn ,n.) See ern; n.
earned ,imp. & p. p.) of earn
earning ,p. pr. & vb. n.) of earn
earn ,v. t.) To merit or deserve; as by labor or service; to do that which entitles one to ,a reward; whether the reward is received or not).
earn ,v. t.) To acquire by labor; service; or performance; to deserve and receive as compensation or wages; as; to earn a good living; to earn honors or laurels.
earn ,v. t. & i.) To grieve.
earn ,v. i.) To long; to yearn.
earn ,v. i.) To curdle; as milk.
earnest ,n.) Seriousness; reality; fixed determination; eagerness; intentness.
earnest ,a.) Ardent in the pursuit of an object; eager to obtain or do; zealous with sincerity; with hearty endeavor; heartfelt; fervent; hearty; -- used in a good sense; as; earnest prayers.
earnest ,a.) Intent; fixed closely; as; earnest attention.
earnest ,a.) Serious; important.
earnest ,v. t.) To use in earnest.
earnest ,n.) Something given; or a part paid beforehand; as a pledge; pledge; handsel; a token of what is to come.
earnest ,n.) Something of value given by the buyer to the seller; by way of token or pledge; to bind the bargain and prove the sale.
earnestful ,a.) Serious.
earnestly ,adv.) In an earnest manner.
earnestness ,n.) The state or quality of being earnest; intentness; anxiety.
earnful ,a.) Full of anxiety or yearning.
earnings ,pl. ) of earning
earning ,n.) That which is earned; wages gained by work or services; money earned; -- used commonly in the plural.
earpick ,n.) An instrument for removing wax from the ear.
ear-piercer ,n.) The earwig.
earreach ,n.) earshot.
earring ,n.) An ornament consisting of a ring passed through the lobe of the ear; with or without a pendant.
earsh ,n.) See Arrish.
ear-shell ,n.) A flattened marine univalve shell of the genus Haliotis; -- called also sea-ear. See Abalone.
earshot ,n.) Reach of the ear; distance at which words may be heard.
earshrift ,n.) A nickname for auricular confession; shrift.
earsore ,n.) An annoyance to the ear.
ear-splitting ,a.) deafening; disagreeably loud or shrill; as; ear-splitting strains.
earst ,adv.) See erst.
earth ,n.) The globe or planet which we inhabit; the world; in distinction from the sun; moon; or stars. Also; this world as the dwelling place of mortals; in distinction from the dwelling place of spirits.
earth ,n.) The solid materials which make up the globe; in distinction from the air or water; the dry land.
earth ,n.) The softer inorganic matter composing part of the surface of the globe; in distinction from the firm rock; soil of all kinds; including gravel; clay; loam; and the like; sometimes; soil favorable to the growth of plants; the visible surface of the globe; the ground; as; loose earth; rich earth.
earth ,n.) A part of this globe; a region; a country; land.
earth ,n.) Worldly things; as opposed to spiritual things; the pursuits; interests; and allurements of this life.
earth ,n.) The people on the globe.
earth ,n.) Any earthy-looking metallic oxide; as alumina; glucina; zirconia; yttria; and thoria.
earth ,n.) A similar oxide; having a slight alkaline reaction; as lime; magnesia; strontia; baryta.
earth ,n.) A hole in the ground; where an animal hides himself; as; the earth of a fox.
earthed ,imp. & p. p.) of earth
earthing ,p. pr. & vb. n.) of earth
earth ,v. t.) To hide; or cause to hide; in the earth; to chase into a burrow or den.
earth ,v. t.) To cover with earth or mold; to inter; to bury; -- sometimes with up.
earth ,v. i.) To burrow.
earth ,n.) A plowing.
earthbag ,n.) A bag filled with earth; used commonly to raise or repair a parapet.
earthbank ,n.) A bank or mound of earth.
earthboard ,n.) The part of a plow; or other implement; that turns over the earth; the moldboard.
earthborn ,a.) Born of the earth; terrigenous; springing originally from the earth; human.
earthborn ,a.) Relating to; or occasioned by; earthly objects.
earthbred ,a.) Low; grovelling; vulgar.
earthdin ,n.) An earthquake.
earthdrake ,n.) A mythical monster of the early Anglo-Saxon literature; a dragon.
earthen ,a.) Made of earth; made of burnt or baked clay; or other like substances; as; an earthen vessel or pipe.
earthen-hearted ,a.) Hard-hearted; sordid; gross.
earthenware ,n.) Vessels and other utensils; ornaments; or the like; made of baked clay. See Crockery; Pottery; Stoneware; and Porcelain.
earth flax ,) A variety of asbestus. See Amianthus.
earthfork ,n.) A pronged fork for turning up the earth.
earthiness ,n.) The quality or state of being earthy; or of containing earth; hence; grossness.
earthliness ,n.) The quality or state of being earthly; worldliness; grossness; perishableness.
earthling ,n.) An inhabitant of the earth; a mortal.
earthly ,a.) Pertaining to the earth; belonging to this world; or to man's existence on the earth; not heavenly or spiritual; carnal; worldly; as; earthly joys; earthly flowers; earthly praise.
earthly ,a.) Of all things on earth; possible; conceivable.
earthly ,a.) Made of earth; earthy.
earthly ,adv.) In the manner of the earth or its people; worldly.
earthly-minded ,a.) Having a mind devoted to earthly things; worldly-minded; -- opposed to spiritual-minded.
earthmad ,n.) The earthworm.
earthnut ,n.) A name given to various roots; tubers; or pods grown under or on the ground
earthnut ,n.) The esculent tubers of the umbelliferous plants Bunium flexuosum and Carum Bulbocastanum.
earthnut ,n.) The peanut. See Peanut.
earthpea ,n.) A species of pea ,Amphicarpaea monoica). It is a climbing leguminous plant; with hairy underground pods.
earthquake ,n.) A shaking; trembling; or concussion of the earth; due to subterranean causes; often accompanied by a rumbling noise. The wave of shock sometimes traverses half a hemisphere; destroying cities and many thousand lives; -- called also earthdin; earthquave; and earthshock.
earthquake ,a.) Like; or characteristic of; an earthquake; loud; starling.
earthquave ,n.) An earthquake.
earth shine ,) See earth light; under earth.
earthshock ,n.) An earthquake.
earthstar ,n.) A curious fungus of the genus Geaster; in which the outer coating splits into the shape of a star; and the inner one forms a ball containing the dustlike spores.
earth-tongue ,n.) A fungus of the genus Geoglossum.
earthward ,adv.) Alt. of earthwards
earthwards ,adv.) Toward the earth; -- opposed to heavenward or skyward.
earthwork ,n.) Any construction; whether a temporary breastwork or permanent fortification; for attack or defense; the material of which is chiefly earth.
earthwork ,n.) The operation connected with excavations and embankments of earth in preparing foundations of buildings; in constructing canals; railroads; etc.
earthwork ,n.) An embankment or construction made of earth.
earthworm ,n.) Any worm of the genus Lumbricus and allied genera; found in damp soil. One of the largest and most abundant species in europe and America is L. terrestris; many others are known; -- called also angleworm and dewworm.
earthworm ,n.) A mean; sordid person; a niggard.
earthy ,a.) Consisting of; or resembling; earth; terrene; earthlike; as; earthy matter.
earthy ,a.) Of or pertaining to the earth or to; this world; earthly; terrestrial; carnal.
earthy ,a.) Gross; low; unrefined.
earthy ,a.) Without luster; or dull and roughish to the touch; as; an earthy fracture.
earwax ,n.) See Cerumen.
earwig ,n.) Any insect of the genus Forticula and related genera; belonging to the order euplexoptera.
earwig ,n.) In America; any small chilopodous myriapod; esp. of the genus Geophilus.
earwig ,n.) A whisperer of insinuations; a secret counselor.
earwigged ,imp. & p. p.) of earwig
earwigging ,p. pr. & vb. n.) of earwig
earwig ,v. t.) To influence; or attempt to influence; by whispered insinuations or private talk.
earwitness ,n.) A witness by means of his ears; one who is within hearing and does hear; a hearer.
ease ,n.) Satisfaction; pleasure; hence; accommodation; entertainment.
ease ,n.) Freedom from anything that pains or troubles; as: ,a) Relief from labor or effort; rest; quiet; relaxation; as; ease of body.
ease ,n.) Freedom from care; solicitude; or anything that annoys or disquiets; tranquillity; peace; comfort; security; as; ease of mind.
ease ,n.) Freedom from constraint; formality; difficulty; embarrassment; etc.; facility; liberty; naturalness; -- said of manner; style; etc.; as; ease of style; of behavior; of address.
eased ,imp. & p. p.) of ease
easing ,p. pr. & vb. n.) of ease
ease ,n.) To free from anything that pains; disquiets; or oppresses; to relieve from toil or care; to give rest; repose; or tranquility to; -- often with of; as; to ease of pain; ease the body or mind.
ease ,n.) To render less painful or oppressive; to mitigate; to alleviate.
ease ,n.) To release from pressure or restraint; to move gently; to lift slightly; to shift a little; as; to ease a bar or nut in machinery.
ease ,n.) To entertain; to furnish with accommodations.
easeful ,a.) Full of ease; suitable for affording ease or rest; quiet; comfortable; restful.
easel ,n.) A frame ,commonly) of wood serving to hold a canvas upright; or nearly upright; for the painter's convenience or for exhibition.
easeless ,a.) Without ease.
easement ,n.) That which gives ease; relief; or assistance; convenience; accommodation.
easement ,n.) A liberty; privilege; or advantage; which one proprietor has in the estate of another proprietor; distinct from the ownership of the soil; as a way; water course; etc. It is a species of what the civil law calls servitude.
easement ,n.) A curved member instead of an abrupt change of direction; as in a baseboard; hand rail; etc.
easily ,adv.) With ease; without difficulty or much effort; as; this task may be easily performed; that event might have been easily foreseen.
easily ,adv.) Without pain; anxiety; or disturbance; as; to pass life well and easily.
easily ,adv.) Readily; without reluctance; willingly.
easily ,adv.) Smoothly; quietly; gently; gracefully; without /umult or discord.
easily ,adv.) Without shaking or jolting; commodiously; as; a carriage moves easily.
easiness ,n.) The state or condition of being easy; freedom from distress; rest.
easiness ,n.) Freedom from difficulty; ease; as the easiness of a task.
easiness ,n.) Freedom from emotion; compliance; disposition to yield without opposition; unconcernedness.
easiness ,n.) Freedom from effort; constraint; or formality; -- said of style; manner; etc.
easiness ,n.) Freedom from jolting; jerking; or straining.
east ,n.) The point in the heavens where the sun is seen to rise at the equinox; or the corresponding point on the earth; that one of the four cardinal points of the compass which is in a direction at right angles to that of north and south; and which is toward the right hand of one who faces the north; the point directly opposite to the west.
east ,n.) The eastern parts of the earth; the regions or countries which lie east of europe; the orient. In this indefinite sense; the word is applied to Asia Minor; Syria; Chaldea; Persia; India; China; etc.; as; the riches of the east; the diamonds and pearls of the east; the kings of the east.
east ,n.) Formerly; the part of the United States east of the Alleghany Mountains; esp. the eastern; or New england; States; now; commonly; the whole region east of the Mississippi River; esp. that which is north of Maryland and the Ohio River; -- usually with the definite article; as; the commerce of the east is not independent of the agriculture of the West.
east ,a.) Toward the rising sun; or toward the point where the sun rises when in the equinoctial; as; the east gate; the east border; the east side; the east wind is a wind that blows from the east.
east ,adv.) eastward.
east ,v. i.) To move toward the east; to veer from the north or south toward the east; to orientate.
easter ,n.) An annual church festival commemorating Christ's resurrection; and occurring on Sunday; the second day after Good Friday. It corresponds to the pasha or passover of the Jews; and most nations still give it this name under the various forms of pascha; pasque; paque; or pask.
easter ,n.) The day on which the festival is observed; easter day.
easter ,v. i.) To veer to the east; -- said of the wind.
easterling ,n.) A piece of money coined in the east by Richard II. of england.
easterling ,n.) The smew.
easterling ,a.) Relating to the money of the easterlings; or Baltic traders. See Sterling.
easterly ,a.) Coming from the east; as; it was easterly wind.
easterly ,a.) Situated; directed; or moving toward the east; as; the easterly side of a lake; an easterly course or voyage.
easterly ,adv.) Toward; or in the direction of; the east.
eastern ,a.) Situated or dwelling in the east; oriental; as; an eastern gate; eastern countries.
eastern ,a.) Going toward the east; or in the direction of east; as; an eastern voyage.
easternmost ,a.) Most eastern.
east Indian ,) Belonging to; or relating to; the east Indies.
east Indian ,n.) A native of; or a dweller in; the east Indies.
easting ,n.) The distance measured toward the east between two meridians drawn through the extremities of a course; distance of departure eastward made by a vessel.
east-insular ,a.) Relating to the eastern Islands; east Indian.
eastward ,adv.) Alt. of eastwards
eastwards ,adv.) Toward the east; in the direction of east from some point or place; as; New Haven lies eastward from New York.
easy ,v. t.) At ease; free from pain; trouble; or constraint
easy ,v. t.) Free from pain; distress; toil; exertion; and the like; quiet; as; the patient is easy.
easy ,v. t.) Free from care; responsibility; discontent; and the like; not anxious; tranquil; as; an easy mind.
easy ,v. t.) Free from constraint; harshness; or formality; unconstrained; smooth; as; easy manners; an easy style.
easy ,v. t.) Not causing; or attended with; pain or disquiet; or much exertion; affording ease or rest; as; an easy carriage; a ship having an easy motion; easy movements; as in dancing.
easy ,v. t.) Not difficult; requiring little labor or effort; slight; inconsiderable; as; an easy task; an easy victory.
easy ,v. t.) Causing ease; giving freedom from care or labor; furnishing comfort; commodious; as; easy circumstances; an easy chair or cushion.
easy ,v. t.) Not making resistance or showing unwillingness; tractable; yielding; complying; ready.
please,make someone happyforward,ahead
forward,ahead
drift,move
lady,woman
yoja,a woman
